-0.0005227108754473492,-1.1083824870076275,0.4200940722230283,0.16195087127514246,-1.0115371362947347,0.23967745172024035,0.1455549579445837,-0.8506863891823371,0.38596715673733284,0.1545774808093781,-0.7687974585698436,0.4357374182036845
0.014728550331015555,-1.0804138369748606,0.43930317919338124,0.15277869098421368,-1.1139123602948813,0.20109533635213728,0.16082517188685547,-0.9020801033335941,0.2937565559639784,0.1710923373953206,-0.8645200746854753,0.3881686927601995
0.015675629876289857,-1.080938899668897,0.43495369591054955,0.1487151492014978,-1.119573734687113,0.1963168329014815,0.15423270546081086,-0.9074505718991019,0.28549122394191095,0.15623851275538833,-0.8665620715981095,0.3784843641838632
0.012300432016761509,-1.080025817949216,0.4365379764078292,0.14703620355535857,-1.1211026360783412,0.20502579886564565,0.15479032993250577,-0.9092266782761789,0.28343469905405894,0.16159789177418638,-0.8660522126150405,0.3731399785133146
0.012880253352743676,-1.082863474084946,0.4367091197432883,0.14501227689368146,-1.1318615747395258,0.20320630543579254,0.15431571821621365,-0.9176777617912881,0.27933311313453024,0.16503595905145402,-0.8666486669565898,0.36516178991736126
0.01209006090839923,-1.083635843431149,0.43633599217672514,0.13814864350241016,-1.1458251253299723,0.20469814213285542,0.15221942502865726,-0.9311523966006601,0.27398051270597046,0.16570139501904607,-0.881592263898239,0.3595148406885459
0.010731941484164884,-1.0803377257662847,0.43733078188843844,0.1459556625958816,-1.1209401661221277,0.20802065243094192,0.15316952648319881,-0.9106852018391329,0.2867539413784629,0.16355900777969679,-0.8642468897448516,0.3737481372937539
0.008720576668775862,-1.0779270506110676,0.43601449414798377,0.14715301893542695,-1.1159161065670558,0.21076851191416623,0.14941931696219912,-0.9062356866569177,0.2860664250856625,0.16323197401739817,-0.8644330689494351,0.3740148344838835
0.006478843638122511,-1.077719967756408,0.4367210794551536,0.14510604615890293,-1.1203460785910035,0.21094484065871277,0.1430193967044771,-0.9082221150727612,0.28238654676623065,0.1568524491553904,-0.8783676098696425,0.3755581142548402
0.006871075892537479,-1.0777210975354725,0.4367542103189427,0.14535695080737043,-1.1203456844486988,0.2109207566942508,0.14308960687515518,-0.9081959640583255,0.2822146722117367,0.15703041939306642,-0.8781924205255918,0.37531248214450497
0.006904310471940664,-1.0807531427740933,0.4376333365873154,0.14818583120713813,-1.1234103652589118,0.21233191305820087,0.14757471981351383,-0.9104930540030711,0.2840288101072159,0.1609609882352752,-0.8702372509965293,0.37367212583422726
0.012743527823331047,-1.0815360831233012,0.43864425877837465,0.14928425871703904,-1.1228246120318455,0.2040238663616678,0.15546059953447935,-0.9065688390235258,0.279228486160478,0.16078795972472906,-0.8694185524327924,0.3731118590804914
0.014301108637282137,-1.0816373602721099,0.4377009296837827,0.14576262827295794,-1.1399351532449136,0.2016945416550474,0.15170447335157902,-0.9230368308497259,0.2795765346358373,0.1648452489387668,-0.8696936779128996,0.36523850580975303
0.010937030545124682,-1.0849213805894242,0.43601012067172973,0.13857039781175842,-1.1480095846901102,0.20202735366617364,0.14797213753879002,-0.9325258915135448,0.2773723584541957,0.16519556025314897,-0.8821353263931013,0.3630211007669486
0.012104710938730612,-1.084824534311324,0.43641888774570614,0.14304845124805804,-1.1432851368663133,0.20092425030959837,0.15010088648804432,-0.9250893632269419,0.27329458131211615,0.1495585440660035,-0.8911498444411012,0.3689785013209904
0.00986889988816135,-1.084042913590893,0.4388620641539416,0.1440566195448229,-1.1347095869192407,0.2063384717281198,0.15426797711712337,-0.9175894693596796,0.27482400514019967,0.15178300056511215,-0.8801447996347842,0.3681626210145489
0.009870962695583144,-1.0841309883105823,0.43884385159769934,0.14395221687695997,-1.1348904281135566,0.2062840102711021,0.1542598701655285,-0.9177620989509983,0.27471777973355804,0.15185316369309332,-0.8803169120223104,0.3680565292007276
0.009254152275054592,-1.0841044190067444,0.4354056092976124,0.14167761632434894,-1.1486238297260747,0.20868503779392966,0.15102197134741724,-0.933069239023363,0.27436050264509015,0.15889975016119715,-0.8831216252839726,0.3601205238891396
0.007772986130631945,-1.0806002123694733,0.43757197205537435,0.14697696851698686,-1.1326504450345556,0.21353523351825032,0.15232820580339385,-0.9171042658073052,0.27521124324414736,0.15288243219129302,-0.87742239581394,0.3659043791768093
0.006756327253421443,-1.0815052796963378,0.43945611726667055,0.144629545948428,-1.1256793176034419,0.21189889473337797,0.14550042566576382,-0.9115801104234345,0.2810061262519321,0.15168649543677487,-0.8738865242546585,0.3726790865047118
0.005033941888198751,-1.0839724737383616,0.4383803829115799,0.14690063790070057,-1.122022887381111,0.21396080572239518,0.1593216722084714,-0.9080436205981721,0.2780997885459069,0.15643866967622375,-0.8762456248366879,0.37155834567449986
0.00503320391580718,-1.0839701445423329,0.43838182400509307,0.14690095089805721,-1.122019712294335,0.21396243902926382,0.15932015524708695,-0.9080400055512745,0.2781016834037817,0.15643669535174792,-0.8762417676785816,0.3715602886824245
0.00847324116019213,-1.0859339400419536,0.43867454809084117,0.14568863942857974,-1.1299784224547573,0.20854370005846534,0.15810464524414836,-0.9140640275022445,0.2758314390117297,0.15619112270533658,-0.880212298259927,0.36989014134507847
0.01073801651053996,-1.0821443763517855,0.4407346729920685,0.14575069118259293,-1.1350239777514954,0.20854697623731977,0.15657481299651782,-0.916896115760149,0.27521122777153506,0.15732328026631828,-0.8802550720447908,0.3691114267255461
0.010727054014973841,-1.0820808865251217,0.44074721004725137,0.1457854335520115,-1.1349435596559554,0.20858388453552568,0.1565522675066121,-0.9168097096914047,0.2752336823454985,0.15722803427580612,-0.8801406379215886,0.3691228889062379
0.006901396524387621,-1.070640021121538,0.4486936251782391,0.16704514729723235,-1.0812256800711884,0.22805329772593463,0.12049624402177149,-0.8846418825032512,0.33285902076283214,0.16212033441193446,-0.8267776385412369,0.403657045849777
0.010725676913436025,-1.0675454282863237,0.4492095220659875,0.19432345270236906,-1.0577440687030413,0.2450724599751375,0.16713510934129555,-0.8480248179222154,0.3333656279702687,0.14793066130529842,-0.7849997124224297,0.4101293047195922
0.013902953217907507,-1.0604758337736109,0.4513761768224548,0.20380686467545217,-1.042430089408178,0.24997660389975462,0.19282350540095172,-0.8228056441197584,0.3220018182892087,0.14597290576747235,-0.7852356719880715,0.40462828273264695
0.020096358226771915,-1.0539159194126952,0.4542392705133742,0.21757473058401106,-0.9967658252400442,0.26281118190469444,0.2029126260831759,-0.768048295782074,0.31158260008559135,0.1375940526443566,-0.7496296814413799,0.38964200952462613
0.0240269574124342,-1.0419372543893908,0.45212293283028515,0.22502177442130333,-0.9735342786938554,0.2652889625934235,0.19186603785491313,-0.746993894432437,0.3221602149108459,0.14145652381341461,-0.6948576952573402,0.3968974717176771
0.024035140493806534,-1.0416365823065037,0.45204103440100596,0.22497589825694564,-0.9735845527531428,0.2650381820639993,0.19198596752977382,-0.7469282987629298,0.32150334791789414,0.1416364718400852,-0.6945465553444461,0.39610337443239885
0.024893054036646822,-1.013481473809535,0.453498445017983,0.23107966163849275,-0.9310441920563131,0.2748504580917346,0.18816329137109117,-0.700329385236881,0.3128668226032717,0.14757615716735162,-0.6308199439348843,0.38020234137701514
0.03262844586778342,-1.0000420960579757,0.44443907511219194,0.23601197798365636,-0.9024578395279543,0.2738379583064515,0.19107457983203058,-0.6720262523771761,0.2971046111430897,0.15334603665451776,-0.6075962484260491,0.3697082431973575
0.03129174176158536,-0.988058138073888,0.44068050102689227,0.23800021718805664,-0.8876590917293197,0.2729696304982566,0.18694868089059435,-0.6559993259198151,0.2795346989583525,0.17520186203963578,-0.5881813041643364,0.3585067210759447
0.036831822714911755,-0.9796734199900499,0.4352933974911315,0.24192040943263043,-0.8587989496847876,0.28194632316218604,0.16734477571600315,-0.6350104786407174,0.2696065832714565,0.1909077648039429,-0.5684866096787184,0.3463644458768401
0.04387831417824985,-0.9549004482212824,0.428090808047074,0.24661296069001465,-0.8274455554720288,0.27152105092126855,0.19429287156426328,-0.5954993862707818,0.2509618481588881,0.18498031609038884,-0.5184834498477193,0.32224342496638614
0.04532087090138848,-0.9426717850174406,0.4273579902524569,0.2501385683706104,-0.8232934382364205,0.267912169933889,0.19979353489336754,-0.5926773426357663,0.23509951659742567,0.18784289371756518,-0.5167531171218942,0.3069323151285024
0.04765351626055493,-0.9263649986408409,0.42723698430006163,0.2509342877592895,-0.7993321693280708,0.264198892215875,0.20580209498780794,-0.5676600498094144,0.21158480207511543,0.19880431699528084,-0.4971775592176623,0.2914490557061573
0.05327720673826976,-0.8981750813849483,0.41638382392826667,0.24081184393729194,-0.7508749957358707,0.2521595442385345,0.19975697505676737,-0.5223104669547949,0.18577612951477296,0.21031605282102794,-0.4378175473504275,0.24993700339670566
0.053489362920439154,-0.8824307376001559,0.40187033401899086,0.2358329050934252,-0.7286871410386242,0.24497540000524254,0.2083271003575098,-0.5071250953649749,0.16212761550869081,0.2140356494235114,-0.42121837209838325,0.22244457241601756
0.0491990342209051,-0.8599685866559523,0.3863697823655601,0.22367543746251622,-0.6966508611891502,0.2413224723326315,0.19652311554283936,-0.4717282502704849,0.18607345182742407,0.2122513393462262,-0.3963162422319308,0.25435457534249983
0.05045173284573877,-0.8379837076545933,0.3818620742221196,0.23126245399212142,-0.688281756505672,0.22622882866288263,0.19358719398931568,-0.46817139996522655,0.1532424303902371,0.20235565744751038,-0.3821265963677279,0.21046909360888888
0.047962761065750814,-0.8332690832787268,0.3838231730289626,0.2260451383852341,-0.6812071683386443,0.2235487986377389,0.2184620120594684,-0.4651353450949432,0.1271908105939803,0.20565389630426884,-0.3816975870399984,0.18877135886701024
0.050850338272347695,-0.8134259510503432,0.37688436125255065,0.22417853957926182,-0.664501324098159,0.20696949783230822,0.21364059311053352,-0.45187427833120103,0.1015964185059719,0.2051788636576804,-0.3615208812688701,0.15413001947888327
0.053072943620438615,-0.8146379236142023,0.3689694130123421,0.22918359224635537,-0.6745181141218834,0.2003423262381152,0.2243026271381428,-0.4662553980421981,0.09250013020680203,0.21968961855002028,-0.3817577423265231,0.15217947572097668
0.060562000153577475,-0.7804455487588298,0.3510642254062505,0.19877320287064493,-0.6094275529412183,0.18013645937456735,0.208097585818049,-0.4071237995964762,0.06630640164354373,0.2205845265565946,-0.3135155573569038,0.1062882004853487
0.060859461692129066,-0.7612909212961005,0.33150297802920903,0.19501657645532583,-0.594480042626855,0.16114589707522797,0.21388029769463124,-0.38647898113364504,0.06917874407514524,0.22398232366265958,-0.2881372545077063,0.0885432583878294
0.03802657316065969,-0.779907935187194,0.3361391845797096,0.19878730511569837,-0.6472995153908732,0.18888646266971265,0.2015070402766468,-0.444523455132584,0.12423166766799776,0.24190411502524656,-0.38484741302507425,0.18452529120495997
0.03732074158959124,-0.7804381668162677,0.3361780009145988,0.1994180832276059,-0.6483960076938284,0.19025910961216974,0.20279851051041736,-0.44562558769040433,0.1262087517188477,0.24050440163281683,-0.3858023097637913,0.18795878490996565
0.029894401993344186,-0.7714188263921744,0.32972754193631826,0.2023460402770989,-0.6469669155676039,0.17929194423820416,0.18920465348956145,-0.4321877172792176,0.20952363756464698,0.21638408953591076,-0.40141214905020534,0.29621243286718724
0.033377245502407685,-0.7636367303873444,0.310152437047883,0.17817790539939365,-0.6212398716265999,0.15581171019948514,0.16538749579684292,-0.42097441036295974,0.22654440923069474,0.21698691556688487,-0.40202182040671536,0.3027043968223916
0.0333772455024,-0.763636730387,0.310152437048,0.178177905399,-0.621239871627,0.155811710199,0.165387495797,-0.420974410363,0.226544409231,0.216986915567,-0.402021820407,0.302704396822
0.0329998826681,-0.764755523964,0.30952760036,0.177797374205,-0.622812621163,0.155259965997,0.164988404186,-0.422582962554,0.22602907181,0.216609126919,-0.403638225559,0.302305114061
0.0326266933799,-0.765856752823,0.308909389373,0.17742820728,-0.624350087442,0.154712989581,0.164604051506,-0.4241525268,0.225510281711,0.216244403925,-0.405212846513,0.301902697612
0.0322576194261,-0.766939688307,0.30829856344,0.177069716935,-0.625852033952,0.154171507791,0.16423351613,-0.425683315444,0.224989365054,0.215891874969,-0.40674615872,0.301498193611
0.0318925754604,-0.768003758726,0.307695800608,0.176721164799,-0.627318485672,0.15363618109,0.163875812006,-0.427175809231,0.22446761367,0.215550613639,-0.408238914291,0.301092624015
0.0315314513604,-0.769048546047,0.307101695638,0.176381771829,-0.628749714099,0.153107600915,0.163529901842,-0.42863073752,0.223946274523,0.215219650798,-0.40969211911,0.300686978065
0.0311741147728,-0.770073781065,0.306516758969,0.176050728439,-0.630146220132,0.152586287838,0.163194710417,-0.430049056497,0.223426539937,0.214897986713,-0.411107007999,0.300282204374
0.0308204138019,-0.771079337159,0.305941416622,0.175727204569,-0.631508715141,0.152072690554,0.162869137797,-0.431431925767,0.222909538782,0.214584603071,-0.412485018352,0.299879203734
0.030470179793,-0.772065222779,0.305376011013,0.175410359553,-0.632838100589,0.151567185688,0.162552072258,-0.432780683768,0.222396328709,0.214278474672,-0.413827762724,0.299478822754
0.0301232301659,-0.773031572823,0.304820802644,0.175099351617,-0.634135446539,0.151070078392,0.162242402716,-0.434096822402,0.221887889542,0.213978580638,-0.415137000813,0.299081848389
0.0297793712511,-0.773978639072,0.304275972609,0.174793346901,-0.635401969461,0.150581603707,0.161939030485,-0.435381961325,0.221385117876,0.213683914983,-0.416414611314,0.298689003424
0.0294384010849,-0.774906779874,0.30374162584,0.174491527844,-0.636639009676,0.150101928628,0.161640880209,-0.436637822306,0.220888822933,0.213393496388,-0.417662564083,0.298300942934
0.0291001121218,-0.775816449258,0.303217795023,0.174193100872,-0.637848008823,0.149631154819,0.161346909842,-0.437866204039,0.220399723672,0.213106377084,-0.418882893013,0.297918251755
0.028764293827,-0.776708185682,0.302704445087,0.173897303261,-0.639030487682,0.149169321902,0.16105611954,-0.43906895779,0.219918447152,0.212821650727,-0.420077670036,0.297541442936
0.0284307351153,-0.777582600598,0.302201478167,0.173603409151,-0.640188024671,0.148716411239,0.160767559428,-0.44024796418,0.219445528108,0.21253845922,-0.421248980544,0.297170957162
0.0280992266085,-0.778440367009,0.301708738948,0.173310734637,-0.64132223531,0.148272350138,0.160480336138,-0.441405111418,0.218981409671,0.212255998407,-0.422398900568,0.296807163091
0.0277695626892,-0.779282208205,0.301226020285,0.173018641937,-0.642434752885,0.147837016374,0.160193618141,-0.442542275193,0.218526445163,0.21197352266,-0.423529475898,0.296450358562
0.0274415433321,-0.780108886809,0.300753068993,0.172726542623,-0.643527210532,0.147410242958,0.159906639833,-0.44366130044,0.218080900875,0.211690348323,-0.424642703378,0.296100772582
0.0271149757038,-0.780921194296,0.300289591721,0.172433899937,-0.6446012249,0.14699182305,0.159618704429,-0.444763985091,0.217644959699,0.211405856071,-0.425740514454,0.295758568026
0.026789675523,-0.781719941081,0.299835260814,0.172140230226,-0.645658381512,0.146581514951,0.15932918569,-0.445852065931,0.217218725532,0.211119492214,-0.426824761079,0.295423844941
0.0264654681808,-0.782505947292,0.299389720072,0.171845103543,-0.646700221906,0.146179047082,0.159037528574,-0.446927206563,0.216802228289,0.210830769019,-0.427897203976,0.29509664438
0.0261421896263,-0.783280034285,0.298952590346,0.171548143477,-0.647728232589,0.145784122889,0.158743248862,-0.44799098751,0.216395429438,0.21053926412,-0.428959503242,0.294776952644
0.0258196870233,-0.784043016982,0.298523474893,0.17124902628,-0.648743835801,0.1453964256,0.158445931881,-0.449044898389,0.2159982279,0.210244619109,-0.430013211207,0.294464705851
0.0254978191918,-0.784795697041,0.298101964439,0.170947479375,-0.649748382064,0.145015622788,0.158145230415,-0.450090332079,0.215610466216,0.209946537413,-0.431059767458,0.294159794726
0.0251764568486,-0.785538856896,0.297687641904,0.170643279321,-0.650743144436,0.144641370686,0.157840861918,-0.451128580783,0.215231936854,0.209644781538,-0.432100495873,0.293862069523
0.0248554826628,-0.78627325465,0.297280086755,0.170336249324,-0.651729314385,0.144273318221,0.157532605131,-0.452160833833,0.21486238855,0.209339169809,-0.433136603512,0.293571345
0.0245347911475,-0.78699961982,0.296878878967,0.170026256381,-0.652707999177,0.143911110736,0.15722029624,-0.453188177094,0.214501532595,0.209029572692,-0.43416918118,0.293287405351
0.0242142884049,-0.787718649885,0.29648360256,0.169713208133,-0.65368022064,0.143554393371,0.156903824657,-0.454211593793,0.214149048961,0.208715908802,-0.435199205462,0.293010009044
0.0238938917481,-0.788431007619,0.296093848736,0.169397049519,-0.654646915166,0.143202814111,0.156583128545,-0.455231966605,0.213804592212,0.208398140698,-0.436227542043,0.292738893496
0.0235735292167,-0.789137319135,0.295709218579,0.169077759296,-0.655608934814,0.142856026466,0.156258190187,-0.456250080801,0.213467797129,0.208076270555,-0.437254950103,0.292473779529
0.0232531390102,-0.789838172605,0.295329325368,0.168755346497,-0.656567049353,0.142513691816,0.15592903128,-0.457266628308,0.213138283987,0.207750335779,-0.438282087589,0.29221437557
0.0229326688539,-0.790534117569,0.294953796478,0.168429846891,-0.657521949104,0.142175481402,0.15559570824,-0.458282212472,0.212815663461,0.207420404665,-0.43930951718,0.291960381561
0.0226120753201,-0.791225664798,0.294582274921,0.168101319503,-0.65847424844,0.141841077986,0.155258307595,-0.459297353392,0.212499541121,0.207086572136,-0.440337712764,0.291711492551
0.0222913231164,-0.79191328662,0.29421442053,0.167769843228,-0.659424489793,0.141510177202,0.154916941522,-0.46031249365,0.212189521497,0.206748955636,-0.44136706625,0.291467401964
0.0219703843604,-0.792597417654,0.293849910818,0.167435513598,-0.660373148058,0.141182488601,0.15457174357,-0.461328004309,0.211885211716,0.206407691214,-0.44239789459,0.291227804514
0.0216492378515,-0.793278455886,0.293488441547,0.167098439721,-0.661320635253,0.140857736431,0.154222864639,-0.462344191033,0.211586224692,0.206062929839,-0.44343044684,0.290992398788
0.0213278683521,-0.793956764032,0.293129727023,0.16675874142,-0.662267305355,0.140535660159,0.153870469212,-0.463361300245,0.211292181897,0.20571483397,-0.444464911176,0.290760889486
0.0210062658889,-0.794632671117,0.292773500163,0.16641654659,-0.663213459183,0.140216014767,0.153514731893,-0.46437952519,0.211002715703,0.205363574402,-0.445501421744,0.290532989335
0.0206844250813,-0.795306474229,0.292419512348,0.16607198879,-0.664159349274,0.139898570849,0.153155834245,-0.465399011848,0.210717471338,0.205009327413,-0.446540065263,0.290308420682
0.0203623445044,-0.795978440398,0.292067533098,0.16572520507,-0.665105184667,0.139583114531,0.15279396195,-0.466419864617,0.210436108452,0.204652272185,-0.447580887315,0.290086916794
0.0200400260912,-0.796648808541,0.291717349609,0.165376334035,-0.666051135532,0.139269447235,0.152429302281,-0.467442151706,0.210158302343,0.204292588546,-0.448623898274,0.289868222875
0.0197174745777,-0.797317791461,0.291368766151,0.165025514153,-0.666997337606,0.138957385315,0.152062041894,-0.46846591021,0.209883744853,0.203930454979,-0.449669078825,0.289652096827
0.0193946969931,-0.797985577842,0.291021603377,0.164672882282,-0.667943896391,0.138646759586,0.151692364917,-0.469491150822,0.209612144973,0.203566046924,-0.450716385051,0.289438309773
0.0190717021971,-0.798652334222,0.290675697553,0.164318572423,-0.668890891091,0.138337414767,0.151320451334,-0.470517862175,0.209343229185,0.203199535347,-0.451765753077,0.289226646373
0.0187485004624,-0.799318206926,0.290330899735,0.163962714684,-0.669838378262,0.138029208857,0.150946475642,-0.471546014793,0.209076741566,0.202831085552,-0.452817103263,0.289016904951
0.0184251031053,-0.799983323918,0.289987074904,0.16360543443,-0.67078639517,0.137722012456,0.150570605763,-0.472575564665,0.208812443693,0.202460856242,-0.453870343948,0.28880889745
0.0181015221588,-0.800647796589,0.289644101084,0.163246851622,-0.671734962859,0.137415708056,0.150193002192,-0.473606456424,0.208550114372,0.202088998779,-0.454925374764,0.288602449258
0.0177777700904,-0.801311721438,0.289301868453,0.16288708031,-0.672684088903,0.137110189311,0.149813817364,-0.474638626169,0.208289549214,0.201715656648,-0.455982089521,0.288397398902
0.0174538595588,-0.801975181654,0.288960278458,0.162526228279,-0.673633769891,0.136805360296,0.149433195205,-0.475672003926,0.208030560096,0.201340965096,-0.457040378707,0.288193597649
0.017129803209,-0.802638248598,0.288619242946,0.162164396823,-0.674583993612,0.13650113477,0.149051270862,-0.476706515772,0.207772974519,0.200965050922,-0.458100131607,0.287990909024
0.0168056135025,-0.803300983163,0.288278683323,0.161801680636,-0.675534740983,0.136197435445,0.148668170575,-0.47774208565,0.207516634892,0.200588032404,-0.459161238082,0.287789208265
0.0164813025785,-0.803963437034,0.287938529736,0.1614381678,-0.676485987727,0.135894193282,0.148284011692,-0.478778636896,0.207261397759,0.20021001934,-0.460223590031,0.28758838173
0.0161568821441,-0.804625653832,0.287598720296,0.161073939859,-0.677437705812,0.135591346798,0.147898902773,-0.479816093497,0.207007132991,0.199831113193,-0.461287082568,0.287388326274
0.0158323633903,-0.80528767016,0.287259200346,0.160709071958,-0.678389864677,0.135288841416,0.147512943806,-0.480854381116,0.206753722948,0.199451407306,-0.462351614943,0.287188948602
0.0155077569305,-0.805949516533,0.28691992176,0.160343633049,-0.679342432263,0.134986628833,0.147126226481,-0.481893427899,0.206501061641,0.19907098719,-0.463417091235,0.286990164617
0.0151830727578,-0.806611218225,0.286580842298,0.159977686133,-0.680295375866,0.134684666437,0.146738834534,-0.482933165099,0.206249053895,0.198689930868,-0.464483420847,0.286791898763
0.0148583202207,-0.807272796019,0.286241924998,0.159611288543,-0.681248662832,0.134382916744,0.14635084413,-0.483973527524,0.205997614518,0.198308309244,-0.465550518833,0.286594083384
0.0145335080117,-0.807934266867,0.285903137618,0.159244492251,-0.682202261112,0.134081346889,0.145962324277,-0.48501445386,0.205746667504,0.19792618651,-0.466618306073,0.286396658096
0.0142086441688,-0.808595644477,0.285564452121,0.15887734419,-0.683156139693,0.133779928141,0.145573337266,-0.486055886852,0.205496145254,0.197543620567,-0.467686709326,0.286199569171
0.0138837360864,-0.809256939825,0.285225844201,0.158509886586,-0.684110268926,0.133478635462,0.145183939121,-0.487097773401,0.205245987834,0.197160663452,-0.468755661188,0.286002768963
0.013558790534,-0.809918161601,0.284887292858,0.158142157296,-0.685064620759,0.133177447102,0.144794180046,-0.488140064562,0.204996142271,0.19677736177,-0.469825099959,0.285806215348
0.0132338136809,-0.810579316595,0.284548780002,0.157774190142,-0.686019168896,0.132876344225,0.144404104877,-0.489182715485,0.20474656189,0.196393757118,-0.470894969452,0.2856098712
0.0129088111262,-0.811240410031,0.284210290104,0.157406015239,-0.686973888886,0.132575310572,0.14401375352,-0.490225685293,0.204497205688,0.1960098865,-0.471965218744,0.285413703902
0.0125837879309,-0.811901445845,0.28387180988,0.15703765931,-0.687928758171,0.132274332156,0.143623161376,-0.49126893692,0.204248037757,0.195625782726,-0.473035801905,0.285217684889
0.0122587486527,-0.812562426935,0.283533328006,0.156669145993,-0.688883756074,0.131973396984,0.14323235975,-0.492312436923,0.203999026746,0.195241474797,-0.474106677685,0.285021789217
0.0119336973821,-0.81322335536,0.283194834861,0.156300496133,-0.689838863768,0.131672494811,0.142841376233,-0.493356155265,0.203750145364,0.194856988267,-0.4751778092,0.284825995178
0.0116086377783,-0.81388423251,0.282856322309,0.155931728052,-0.690794064212,0.131371616918,0.142450235075,-0.494400065091,0.20350136993,0.194472345584,-0.476249163608,0.284630283937
0.0112835731051,-0.814545059253,0.282517783494,0.155562857807,-0.691749342065,0.131070755911,0.142058957517,-0.495444142491,0.203252679957,0.194087566411,-0.477320711778,0.284434639204
0.0109585062654,-0.81520583605,0.282179212668,0.15519389943,-0.692704683595,0.130769905551,0.141667562117,-0.49648836627,0.203004057775,0.193702667919,-0.478392427977,0.284239046936
0.0106334398352,-0.815866563051,0.281840605032,0.154824865147,-0.69366007657,0.130469060595,0.141276065038,-0.497532717709,0.202755488196,0.193317665066,-0.479464289555,0.284043495069
0.0103083760955,-0.816527240177,0.281501956605,0.154455765581,-0.694615510147,0.13016821666,0.140884480321,-0.498577180343,0.202506958202,0.192932570839,-0.480536276653,0.283847973271
0.0099833170621,-0.817187867181,0.281163264105,0.154086609936,-0.695570974762,0.129867370103,0.140492820126,-0.499621739746,0.202258456677,0.192547396494,-0.481608371923,0.28365247273
0.00965826451393,-0.817848443696,0.280824524844,0.153717406169,-0.69652646202,0.129566517916,0.140101094961,-0.500666383323,0.202009974159,0.192162151754,-0.48268056026,0.283456985952
0.00933322001927,-0.818508969281,0.28048573664,0.153348161137,-0.697481964582,0.129265657633,0.139709313881,-0.501711100119,0.201761502622,0.191776845001,-0.483752828564,0.283261506595
0.00900818495964,-0.819169443447,0.280146897743,0.152978880739,-0.698437476065,0.128964787252,0.13931748467,-0.502755880637,0.201513035287,0.191391483444,-0.48482516551,0.283066029309
0.00868316055181,-0.819829865681,0.279808006763,0.152609570036,-0.699392990938,0.128663905165,0.138925614003,-0.503800716675,0.201264566446,0.191006073268,-0.48589756134,0.282870549605
0.00835814786775,-0.820490235466,0.279469062618,0.152240233361,-0.700348504438,0.128363010098,0.138533707596,-0.504845601175,0.201016091318,0.190620619773,-0.486970007678,0.282675063733
0.00803314785273,-0.821150552289,0.279130064484,0.151870874416,-0.701304012473,0.12806210106,0.138141770327,-0.505890528079,0.200767605915,0.190235127487,-0.488042497359,0.282479568581
0.00770816134148,-0.821810815658,0.278791011751,0.15150149636,-0.702259511554,0.127761177296,0.137749806356,-0.506935492213,0.20051910693,0.189849600277,-0.489115024272,0.282284061576
0.0073831890727,-0.822471025097,0.278451903991,0.151132101881,-0.703214998711,0.127460238256,0.137357819223,-0.507980489164,0.200270591631,0.189464041437,-0.490187583224,0.282088540614
0.00705823170197,-0.823131180161,0.278112740927,0.150762693267,-0.704170471439,0.127159283555,0.136965811938,-0.509025515188,0.200022057785,0.189078453775,-0.491260169818,0.281893003984
0.00673328981317,-0.82379128043,0.277773522405,0.15039327246,-0.70512592763,0.12685831295,0.136573787055,-0.510070567115,0.199773503572,0.188692839676,-0.492332780345,0.28169745031
0.00640836392849,-0.824451325511,0.277434248379,0.150023841111,-0.706081365524,0.126557326316,0.13618174674,-0.511115642273,0.19952492753,0.188307201172,-0.493405411685,0.281501878501
0.00608345451733,-0.82511131504,0.277094918885,0.14965440062,-0.707036783662,0.126256323626,0.13578969283,-0.512160738415,0.199276328494,0.187921539991,-0.494478061227,0.281306287705
0.00575856200393,-0.825771248678,0.276755534032,0.149284952174,-0.707992180841,0.125955304934,0.135397626884,-0.513205853661,0.19902770555,0.187535857604,-0.49555072679,0.281110677271
0.00543368677416,-0.826431126112,0.276416093988,0.148915496785,-0.708947556083,0.12565427036,0.135005550223,-0.514250986442,0.198779057997,0.187150155264,-0.496623406565,0.28091504672
0.0051088291813,-0.827090947051,0.276076598968,0.148546035311,-0.709902908598,0.125353220082,0.13461346397,-0.515296135452,0.198530385307,0.186764434043,-0.497696099054,0.280719395713
0.00478398955104,-0.827750711224,0.275737049225,0.148176568486,-0.710858237756,0.125052154324,0.134221369081,-0.516341299612,0.198281687103,0.186378694859,-0.498768803023,0.280523724028
0.00445916818585,-0.82841041838,0.275397445047,0.147807096935,-0.711813543066,0.124751073344,0.133829266373,-0.517386478033,0.198032963129,0.1859929385,-0.499841517464,0.280328031543
0.00413436536864,-0.829070068285,0.275057786746,0.147437621197,-0.712768824152,0.124449977435,0.133437156543,-0.518431669982,0.197784213231,0.185607165651,-0.500914241556,0.280132318219
0.00380958136594,-0.829729660717,0.274718074656,0.147068141737,-0.713724080735,0.124148866914,0.133045040195,-0.519476874866,0.197535437339,0.185221376902,-0.501986974633,0.279936584083
0.00348481643057,-0.830389195472,0.274378309129,0.146698658956,-0.714679312619,0.123847742118,0.132652917848,-0.520522092199,0.197286635452,0.184835572772,-0.503059716164,0.279740829218
0.00316007080395,-0.831048672352,0.27403849053,0.146329173207,-0.715634519676,0.1235466034,0.132260789956,-0.521567321591,0.19703780763,0.184449753719,-0.504132465726,0.279545053755
0.00283534471801,-0.831708091171,0.273698619235,0.1459596848,-0.716589701835,0.123245451129,0.131868656918,-0.522612562731,0.196788953975,0.184063920148,-0.505205222988,0.27934925786
0.0025106383968,-0.832367451754,0.27335869563,0.14559019401,-0.717544859075,0.122944285683,0.131476519086,-0.523657815369,0.196540074632,0.183678072423,-0.506277987693,0.279153441734
0.00218595205787,-0.833026753929,0.273018720107,0.145220701085,-0.718499991411,0.12264310745,0.131084376775,-0.524703079312,0.196291169775,0.183292210876,-0.507350759648,0.278957605599
0.00186128591342,-0.833685997533,0.272678693066,0.144851206248,-0.719455098894,0.122341916824,0.130692230271,-0.52574835441,0.196042239604,0.182906335808,-0.508423538711,0.278761749702
0.00153664017122,-0.834345182406,0.272338614909,0.144481709703,-0.7204101816,0.122040714207,0.130300079832,-0.526793640549,0.195793284341,0.182520447497,-0.509496324781,0.278565874303
0.00121201503541,-0.835004308396,0.271998486044,0.14411221164,-0.721365239627,0.121739500003,0.129907925697,-0.527838937644,0.195544304225,0.182134546204,-0.510569117792,0.278369979679
0.000887410707161,-0.835663375352,0.271658306881,0.143742712236,-0.722320273094,0.121438274621,0.129515768088,-0.528884245634,0.195295299507,0.181748632174,-0.511641917708,0.278174066116
